,utterance,response,response_time,speaker,responder,utterance_time,error,age,past_tense,plural,overlap,overreg_candidate,manual_code
1,this shoes,shoes,-0.244,CHI,MOT,2.426,TRUE,24,FALSE,TRUE,FALSE,TRUE,FALSE
2,two mens men,two men,-0.163,CHI,MOT,1.416,TRUE,26,FALSE,TRUE,FALSE,TRUE,TRUE
3,a bix biscuits,biscuits,-0.116,CHI,MOT,1.021,TRUE,26,FALSE,TRUE,FALSE,TRUE,FALSE
4,two mens men,two men,0.073,CHI,MOT,1.416,TRUE,26,FALSE,TRUE,FALSE,TRUE,TRUE
5,two mans men,two mans,0.302,CHI,MOT,2.067,TRUE,26,FALSE,TRUE,FALSE,TRUE,TRUE
6,two mans men,two mans,1.068,CHI,MOT,1.103,TRUE,26,FALSE,TRUE,FALSE,TRUE,TRUE
7,baby mans men,oh you've put some men over your eyes,0.619,CHI,MOT,1.579,TRUE,26,FALSE,TRUE,FALSE,TRUE,TRUE
8,oh two man men,that was some passengers waiting at the side of the platform for the train,2.859,CHI,MOT,2.16,TRUE,26,FALSE,TRUE,FALSE,TRUE,FALSE
9,bubble nan gone,where the bubble gone,0.012,CHI,MOT,1.625,TRUE,27,TRUE,FALSE,FALSE,TRUE,FALSE
10,a big bubbles,it is a big bubble isn't it,-0.256,CHI,MOT,2.09,TRUE,27,FALSE,TRUE,FALSE,TRUE,FALSE
11,xxx the watch cherries,watch the cherries,-0.395,CHI,MOT,4.423,TRUE,27,FALSE,TRUE,FALSE,TRUE,FALSE
12,no drops,no drops,-0.138,CHI,MOT,1.277,TRUE,27,FALSE,TRUE,FALSE,TRUE,FALSE
13,a big teef feet,they have big feet,-0.197,CHI,INV,1.556,TRUE,27,FALSE,TRUE,FALSE,TRUE,FALSE
14,two two moneys,two moneys,0.813,CHI,MOT,2.81,TRUE,27,FALSE,TRUE,FALSE,TRUE,FALSE
15,two moneys please,two moneys please,-0.089,CHI,MOT,1.892,TRUE,27,FALSE,TRUE,FALSE,TRUE,FALSE
16,two moneys,yes,0.035,CHI,MOT,1.219,TRUE,27,FALSE,TRUE,FALSE,TRUE,FALSE
17,two moneys,two moneys,0.035,CHI,MOT,1.045,TRUE,27,FALSE,TRUE,FALSE,TRUE,FALSE
18,moneys,moneys,-0.035,CHI,MOT,0.848,TRUE,27,FALSE,TRUE,FALSE,TRUE,FALSE
19,oh two ones,two ones,-0.14,CHI,MOT,1.394,TRUE,27,FALSE,TRUE,FALSE,TRUE,FALSE
20,two moneys two moneys two moneys,two moneys,-0.084,CHI,MOT,4.633,TRUE,27,FALSE,TRUE,FALSE,TRUE,FALSE
21,a more box of moneys,yes,0,CHI,MOT,2.287,TRUE,27,FALSE,TRUE,FALSE,TRUE,FALSE
22,box moneys,box moneys,-0.093,CHI,MOT,1.614,TRUE,27,FALSE,TRUE,FALSE,TRUE,FALSE
23,box of moneys,box of moneys,0.16,CHI,MOT,1.869,TRUE,27,FALSE,TRUE,FALSE,TRUE,FALSE
24,moneys,moneys,0.232,CHI,MOT,1.045,TRUE,27,FALSE,TRUE,FALSE,TRUE,FALSE
25,moneys,Mummy's,1.824,CHI,MOT,1.568,TRUE,27,FALSE,TRUE,FALSE,TRUE,FALSE
26,two moneys,two moneys,NA,CHI,MOT,media info not available,TRUE,27,FALSE,TRUE,FALSE,TRUE,FALSE
27,some moneys,some money,-0.012,CHI,MOT,1.254,TRUE,28,FALSE,TRUE,FALSE,TRUE,FALSE
28,there's moneys,moneys,-0.128,CHI,MOT,1.138,TRUE,28,FALSE,TRUE,FALSE,TRUE,FALSE
29,big moneys,big moneys,0.107,CHI,MOT,1.207,TRUE,28,FALSE,TRUE,FALSE,TRUE,FALSE
30,two moneys,are you going back to play with Mummy's money,0.547,CHI,MOT,1.115,TRUE,28,FALSE,TRUE,FALSE,TRUE,FALSE
31,two foots,two foots,0.245,CHI,MOT,1.666,TRUE,28,FALSE,TRUE,FALSE,TRUE,TRUE
32,one feet,what color's feet,0.532,CHI,MOT,1.188,TRUE,28,FALSE,TRUE,FALSE,TRUE,FALSE
33,two peoples,two people,0.046,CHI,MOT,1.486,TRUE,28,FALSE,TRUE,FALSE,TRUE,TRUE
34,two moneys,two moneys,-0.104,CHI,MOT,1.37,TRUE,28,FALSE,TRUE,FALSE,TRUE,FALSE
35,pinks,what color,0.713,CHI,MOT,1.393,TRUE,28,FALSE,TRUE,FALSE,TRUE,FALSE
36,pinks,pink pigs,0.186,CHI,MOT,0.905,TRUE,28,FALSE,TRUE,FALSE,TRUE,FALSE
37,a moneys,if you have all your toys out together you lose interest don't you,0.636,CHI,MOT,1.404,TRUE,28,FALSE,TRUE,FALSE,TRUE,FALSE
38,one crisps please,are you giving him crisps as well,-0.07,CHI,MOT,1.916,TRUE,28,FALSE,TRUE,FALSE,TRUE,FALSE
39,the money the money the moneys,the moneys the moneys,-0.046,CHI,MOT,2.554,TRUE,28,FALSE,TRUE,FALSE,TRUE,FALSE
40,the two moneys,that's right,-0.255,CHI,MOT,1.625,TRUE,28,FALSE,TRUE,FALSE,TRUE,FALSE
41,one pounds,and these are a silver color,-0.035,CHI,MOT,1.962,TRUE,28,FALSE,TRUE,FALSE,TRUE,FALSE
42,broke one,broke one,0.058,CHI,MOT,1.195,TRUE,28,TRUE,FALSE,FALSE,TRUE,FALSE
43,all done more,all done more,0.058,CHI,MOT,1.23,TRUE,28,TRUE,FALSE,FALSE,TRUE,FALSE
44,toys boxes,ah,0.221,CHI,INV,1.753,TRUE,28,FALSE,TRUE,FALSE,TRUE,FALSE
45,a goings,they're all there now,-1.567,CHI,INV,1.567,TRUE,28,FALSE,TRUE,TRUE,TRUE,FALSE
46,chips MacDonald's,chips MacDonald's,0.093,CHI,MOT,1.567,TRUE,29,FALSE,TRUE,FALSE,TRUE,FALSE
47,sit an hours,sit an hour,0.609,CHI,MOT,1.602,TRUE,29,FALSE,TRUE,FALSE,TRUE,FALSE
48,an hours,an hours,0.037,CHI,MOT,0.777,TRUE,29,FALSE,TRUE,FALSE,TRUE,FALSE
49,dear oh dear an hours,sit an hour,0.804,CHI,MOT,3.193,TRUE,29,FALSE,TRUE,FALSE,TRUE,FALSE
50,Mummy xxx the moneys,Mummy's bringing some money,0.35,CHI,MOT,2.46,TRUE,29,FALSE,TRUE,FALSE,TRUE,FALSE
51,xxx the moneys,there we are,1.147,CHI,MOT,1.588,TRUE,29,FALSE,TRUE,FALSE,TRUE,FALSE
52,more moneys,more moneys,-0.001,CHI,MOT,1.096,TRUE,29,FALSE,TRUE,FALSE,TRUE,FALSE
53,moneys,with some money,-0.063,CHI,MOT,1.015,TRUE,29,FALSE,TRUE,FALSE,TRUE,FALSE
54,Dimitra opened,okay,0.426,CHI,INV,1.599,TRUE,29,TRUE,FALSE,FALSE,TRUE,FALSE
55,Thomas pocket moneys,Thomas pocket,1.486,CHI,MOT,2.844,TRUE,29,FALSE,TRUE,FALSE,TRUE,FALSE
56,train two moneys,are you going to have a cup of tea with Mummy like you did yesterday,0.673,CHI,MOT,2.217,TRUE,29,FALSE,TRUE,FALSE,TRUE,FALSE
57,twos hat,two hats from McDonalds,0.173,CHI,MOT,1.254,TRUE,29,FALSE,TRUE,FALSE,TRUE,FALSE
58,a ones train,we've not seen Purdie have we,8.835,CHI,MOT,2.067,TRUE,29,FALSE,TRUE,FALSE,TRUE,FALSE
59,a big bites,mhm,0.064,CHI,MOT,0.964,TRUE,29,FALSE,TRUE,FALSE,TRUE,FALSE
60,a tree falled over,the tree's going to fall over because the train is going to hit them,0.011,CHI,MOT,1.812,TRUE,29,TRUE,FALSE,FALSE,TRUE,TRUE
61,two moneys,yes,-0.035,CHI,MOT,0.894,TRUE,30,FALSE,TRUE,FALSE,TRUE,FALSE
62,xxx broke broken now,what's the matter,-0.058,CHI,MOT,1.916,TRUE,30,TRUE,FALSE,FALSE,TRUE,FALSE
63,no baby in that ones,the baby goes in that one,0.348,CHI,INV,1.486,TRUE,30,FALSE,TRUE,FALSE,TRUE,FALSE
64,two moneys please driver,I don't think the digger man takes money does he,1.887,CHI,MOT,2.817,TRUE,30,FALSE,TRUE,FALSE,TRUE,FALSE
65,two man a ladders,two man a ladders,0.275,CHI,MOT,2.075,TRUE,30,FALSE,TRUE,FALSE,TRUE,FALSE
66,two mans men,we can do it with the men,0.907,CHI,MOT,0.811,TRUE,30,FALSE,TRUE,FALSE,TRUE,TRUE
67,two moneys,two moneys please,0.291,CHI,MOT,0.754,TRUE,30,FALSE,TRUE,FALSE,TRUE,FALSE
68,another steps,that was very clever really wasn't it,0.162,CHI,MOT,1.638,TRUE,30,FALSE,TRUE,FALSE,TRUE,FALSE
69,dropped ones,you've dropped ones,0.151,CHI,MOT,1.579,TRUE,30,FALSE,TRUE,FALSE,TRUE,FALSE
70,another traffic lights,another traffic lights,0.987,CHI,MOT,1.718,TRUE,30,FALSE,TRUE,FALSE,TRUE,FALSE
71,paying the moneys,you've finished your moneys,0.848,CHI,MOT,1.463,TRUE,30,FALSE,TRUE,FALSE,TRUE,FALSE
72,two ones,two ones,0.127,CHI,MOT,1.219,TRUE,30,FALSE,TRUE,FALSE,TRUE,FALSE
73,one cones two cones,yes,0.302,CHI,MOT,1.927,TRUE,30,FALSE,TRUE,FALSE,TRUE,FALSE
74,drop ones,you've dropped one,0.035,CHI,MOT,1.079,TRUE,30,FALSE,TRUE,FALSE,TRUE,FALSE
75,never see big big red bus big red bus came,are you telling me you didn't see the red bus properly because you're having your nappie changed,0.836,CHI,MOT,4.249,TRUE,30,TRUE,FALSE,FALSE,TRUE,FALSE
76,ears have come off,the ears have come off,0.116,CHI,MOT,2.066,TRUE,30,FALSE,TRUE,FALSE,TRUE,FALSE
77,a falled over,who fell over,0.128,CHI,MOT,1.939,TRUE,30,TRUE,FALSE,FALSE,TRUE,TRUE
78,yellow fishes,some fish,-0.12,CHI,MOT,1.2,TRUE,31,FALSE,TRUE,FALSE,TRUE,TRUE
79,some more moneys,oh,-0.12,CHI,MOT,1.747,TRUE,31,FALSE,TRUE,FALSE,TRUE,FALSE
80,mixer has gone,you took it upstairs Thomas,-0.174,CHI,MOT,1.602,TRUE,31,TRUE,FALSE,FALSE,TRUE,FALSE
81,no bin mens men,yes,0.336,CHI,INV,1.463,TRUE,31,FALSE,TRUE,FALSE,TRUE,TRUE
82,all mended,you're mended,0.058,CHI,INV,1.579,TRUE,31,TRUE,FALSE,FALSE,TRUE,FALSE
83,a traffics,is Spud a character from Bob_The_Builder Thomas,1.068,CHI,MOT,1.881,TRUE,31,FALSE,TRUE,FALSE,TRUE,FALSE
84,Maltesers have done,aah,-2.182,CHI,MOT,2.183,TRUE,31,TRUE,FALSE,TRUE,TRUE,FALSE
85,Isabel done a wee wee,Isabel done a wee wee,0.157,CHI,MOT,3.227,TRUE,31,TRUE,FALSE,FALSE,TRUE,FALSE
86,is lots,why don't you do the jigsaw again and then push them all out,0.186,CHI,MOT,1.3,TRUE,31,FALSE,TRUE,FALSE,TRUE,FALSE
87,another ones,there're quite a lot of small pieces here look that'll fit into the digger quite nicely won't they,2.043,CHI,MOT,1.544,TRUE,31,FALSE,TRUE,FALSE,TRUE,FALSE
88,big fishes,oh are we going to find some big fishes there,0.441,CHI,INV,1.265,TRUE,31,FALSE,TRUE,FALSE,TRUE,TRUE
89,mine has gone,oh you'll have_to pour yourself another cup Thomas,0.732,CHI,MOT,2.419,TRUE,31,TRUE,FALSE,FALSE,TRUE,FALSE
90,a whistles,you talking about the digger,1.277,CHI,MOT,0.58,TRUE,31,FALSE,TRUE,FALSE,TRUE,FALSE
91,uh buy fishes and sausages,fishes and sausages,-0.035,CHI,MOT,2.543,TRUE,31,FALSE,TRUE,FALSE,TRUE,TRUE
92,two o'clocks,one o'clock two o'clock,0.04,CHI,MOT,1.103,TRUE,31,FALSE,TRUE,FALSE,TRUE,FALSE
93,um a lot of mans men,pardon,0.685,CHI,MOT,2.089,TRUE,31,FALSE,TRUE,FALSE,TRUE,TRUE
94,lot of mans men,a lot of mans,0.004,CHI,MOT,1.196,TRUE,31,FALSE,TRUE,FALSE,TRUE,TRUE
95,lot of rubbishes,a lot of rubbish,0.197,CHI,MOT,1.718,TRUE,32,FALSE,TRUE,FALSE,TRUE,TRUE
96,kissing mistletoes,kissing mistletoes,0.105,CHI,MOT,2.09,TRUE,32,FALSE,TRUE,FALSE,TRUE,FALSE
97,mistletoes,oh you missed your party,-0.546,CHI,MOT,1.777,TRUE,32,FALSE,TRUE,FALSE,TRUE,FALSE
98,bought brought another one,you've brought another one,-0.162,CHI,MOT,1.509,TRUE,32,TRUE,FALSE,FALSE,TRUE,FALSE
99,uh I want that a clocks now,you want the clock now,0.04,CHI,MOT,2.833,TRUE,32,FALSE,TRUE,FALSE,TRUE,FALSE
100,like Aunty_Mabel done,like Aunty_Mabel does,0.011,CHI,MOT,2.427,TRUE,33,TRUE,FALSE,FALSE,TRUE,FALSE
101,I not see little mouses,NA,0.22,CHI,MOT,2.148,TRUE,33,FALSE,TRUE,FALSE,TRUE,TRUE
102,a my holded it,we'll keep it out because you might have a lot of fun playing with it mightn't you,-0.023,CHI,MOT,1.776,TRUE,33,TRUE,FALSE,FALSE,TRUE,TRUE
103,I wanted it,you want it,0.012,CHI,MOT,0.743,TRUE,33,TRUE,FALSE,FALSE,TRUE,FALSE
104,where has Thomas gone,right we'll leave your,-2.09,CHI,MOT,2.508,TRUE,33,TRUE,FALSE,TRUE,TRUE,FALSE
105,got two lots of chocolates,two chocolates,-0.267,CHI,MOT,1.962,TRUE,33,FALSE,TRUE,TRUE,TRUE,FALSE
106,where's the moneys,well that's your purse isn't it,0.058,CHI,MOT,1.671,TRUE,33,FALSE,TRUE,FALSE,TRUE,FALSE
107,I fixeded fixed it,you fixeded it,0.07,CHI,MOT,1.521,TRUE,33,TRUE,FALSE,FALSE,TRUE,TRUE
108,lots_of fishes,do you think there are a lot of fishes,-0.091,CHI,MOT,2.425,TRUE,33,FALSE,TRUE,FALSE,TRUE,TRUE
109,lots_of fishes here,oh it's opening again,12.236,CHI,INV,1.98,TRUE,33,FALSE,TRUE,FALSE,TRUE,TRUE
110,saw some big fishes,you saw some big fishes,0.023,CHI,MOT,2.066,TRUE,33,FALSE,TRUE,FALSE,TRUE,TRUE
111,I have builded it,you've builded it,0.22,CHI,MOT,1.997,TRUE,33,TRUE,FALSE,FALSE,TRUE,TRUE
112,eated it,she eaten eat,0.046,CHI,MOT,0.941,TRUE,33,TRUE,FALSE,FALSE,TRUE,TRUE
113,it's not it's not fixeded fixed,it's not fixeded,-0.093,CHI,MOT,2.531,TRUE,33,TRUE,FALSE,FALSE,TRUE,TRUE
114,Bob_the_Builder nearly runned,pardon,1.637,CHI,MOT,2.333,TRUE,33,TRUE,FALSE,FALSE,TRUE,TRUE
115,xxx big fishes,yes,NA,CHI,MOT,media info not available,TRUE,33,FALSE,TRUE,FALSE,TRUE,TRUE
116,Bob_Builder fixeded fixed it,Bob_the_Builder fixed it,0.012,CHI,MOT,2.032,TRUE,33,TRUE,FALSE,FALSE,TRUE,TRUE
117,it's all broke broken,it all broken,0.278,CHI,MOT,2.311,TRUE,34,TRUE,FALSE,FALSE,TRUE,FALSE
118,it broken,it hasn't broken,0.371,CHI,MOT,1.649,TRUE,34,TRUE,FALSE,FALSE,TRUE,FALSE
119,I want a traffic signs,and a traffic sign,-0.128,CHI,INV,2.357,TRUE,34,FALSE,TRUE,FALSE,TRUE,FALSE
120,good mans men,he's a good man is he,0.464,CHI,MOT,1.811,TRUE,34,FALSE,TRUE,FALSE,TRUE,TRUE
121,I clowned,you're a clown,0.082,CHI,MOT,0.69,TRUE,34,TRUE,FALSE,FALSE,TRUE,FALSE
122,it's mornings now,no,0.081,CHI,MOT,1.753,TRUE,34,FALSE,TRUE,FALSE,TRUE,FALSE
123,ostrich done a poo in his nappie,no,0.163,CHI,MOT,2.902,TRUE,34,TRUE,FALSE,FALSE,TRUE,FALSE
124,here's his wheels on his on his post vans,oh you can see the wheels on his post van,0.209,CHI,MOT,3.785,TRUE,34,FALSE,TRUE,FALSE,TRUE,FALSE
125,an droved away,he's driving away,0.36,CHI,MOT,1.277,TRUE,34,TRUE,FALSE,FALSE,TRUE,TRUE
126,lady getted off it a did something,the lady got off a blue caravan to get something,0.641,CHI,MOT,4.133,TRUE,34,TRUE,FALSE,FALSE,TRUE,TRUE
127,you have got some more,I know,-0.065,CHI,MOT,1.834,TRUE,34,TRUE,FALSE,FALSE,TRUE,FALSE
128,someone droved over on path,pardon,0.627,CHI,MOT,2.264,TRUE,34,TRUE,FALSE,FALSE,TRUE,TRUE
129,someone droved over path,yes,-0.047,CHI,MOT,1.684,TRUE,34,TRUE,FALSE,FALSE,TRUE,TRUE
130,goed away,I'll just move that,7.389,CHI,MOT,1.509,TRUE,34,TRUE,FALSE,FALSE,TRUE,TRUE
131,I am not finished,well let's well let's just move them over there Thomas,-0.603,CHI,MOT,1.521,TRUE,34,TRUE,FALSE,TRUE,TRUE,FALSE
132,I need that little little toys,there,3.934,CHI,MOT,2.194,TRUE,35,FALSE,TRUE,FALSE,TRUE,FALSE
133,I I see this ones,you saw the balloon did you,-0.093,CHI,MOT,2.81,TRUE,35,FALSE,TRUE,FALSE,TRUE,FALSE
134,Fireman_Sam got in the kitchen making some sausages,Fireman_Sam is in the kitchen making some sausages,0.07,CHI,MOT,5.619,TRUE,35,TRUE,FALSE,FALSE,TRUE,FALSE
135,Dimitra likes post bags an post boxes,oh,1.8,CHI,INV,3.924,TRUE,35,FALSE,TRUE,FALSE,TRUE,FALSE
136,um fishes,fish,0.673,CHI,INV,1.463,TRUE,35,FALSE,TRUE,FALSE,TRUE,TRUE
137,just remember runned,you've just remember to run like the dustbin man when he gets out of his cab,0.06,CHI,MOT,2.635,TRUE,35,TRUE,FALSE,FALSE,TRUE,TRUE
138,droved away,what did the policeman find when he went to see the fireman,1.44,CHI,MOT,1.916,TRUE,35,TRUE,FALSE,FALSE,TRUE,TRUE
139,dustbin man tipper throwed it away,oh,0.209,CHI,MOT,5.84,TRUE,35,TRUE,FALSE,FALSE,TRUE,TRUE
140,Judy throwed it,Judy threw something away,0.233,CHI,MOT,1.904,TRUE,35,TRUE,FALSE,FALSE,TRUE,TRUE
141,big snake goed around,has somebody called you mischief,0.035,CHI,MOT,2.194,TRUE,35,TRUE,FALSE,FALSE,TRUE,TRUE
142,big wind comed up and blows two down,the big the big wind come up and blown two of them down,0.543,CHI,MOT,4.423,TRUE,35,TRUE,FALSE,FALSE,TRUE,TRUE
143,dirty beer lorry bringed that,the beer lorry brings that,0.024,CHI,MOT,2.229,TRUE,35,TRUE,FALSE,FALSE,TRUE,TRUE
144,lorry droved away,driven away Thomas,0.627,CHI,MOT,2.287,TRUE,35,TRUE,FALSE,FALSE,TRUE,TRUE
145,this made delivery,it made a delivery,-0.016,CHI,MOT,1.753,TRUE,36,TRUE,FALSE,FALSE,TRUE,FALSE
146,you hold some two ones,I'll hold these two,0.012,CHI,MOT,1.718,TRUE,36,FALSE,TRUE,FALSE,TRUE,FALSE
147,some silly womans women,what about Bryony and Charlotte,3.936,CHI,MOT,2.125,TRUE,36,FALSE,TRUE,FALSE,TRUE,TRUE
148,I pushed over again,yes,0.639,CHI,MOT,1.799,TRUE,36,TRUE,FALSE,FALSE,TRUE,FALSE
149,and the post lorry driven away,must be my birthday,0.433,CHI,MOT,2.809,TRUE,36,TRUE,FALSE,FALSE,TRUE,FALSE
150,a lorry droved away,driven away,-0.012,CHI,MOT,2.357,TRUE,36,TRUE,FALSE,FALSE,TRUE,TRUE
151,eated that,eated it,-0.046,CHI,MOT,0.871,TRUE,36,TRUE,FALSE,FALSE,TRUE,TRUE
152,flied in here,flied in here did it,NA,CHI,MOT,1.579,TRUE,36,TRUE,FALSE,FALSE,TRUE,TRUE
153,that man put his thing in machine nearly squashed it,oh_gosh,0.336,CHI,MOT,3.541,TRUE,36,TRUE,FALSE,FALSE,TRUE,FALSE
154,I just throwed it in the air,oh you just throwed it in the air and it hit me did it,-0.14,CHI,INV,2.787,TRUE,36,TRUE,FALSE,FALSE,TRUE,TRUE
155,a postman bringed it,the postman,NA,CHI,INV,1.614,TRUE,36,TRUE,FALSE,FALSE,TRUE,TRUE
156,a dustbin mens men arriving,no,0.209,CHI,MOT,2.275,TRUE,36,FALSE,TRUE,FALSE,TRUE,TRUE
157,look a crocodiles,yes,0.279,CHI,MOT,2.31,TRUE,36,FALSE,TRUE,FALSE,TRUE,FALSE
158,I drawed under here,I know you did,-0.093,CHI,MOT,0.998,TRUE,36,TRUE,FALSE,FALSE,TRUE,TRUE
159,dustbin mens men are here,who's here,0.441,CHI,MOT,2.043,TRUE,36,FALSE,TRUE,FALSE,TRUE,TRUE
160,it runned away,you've driven away,5.322,CHI,MOT,1.881,TRUE,36,TRUE,FALSE,FALSE,TRUE,TRUE
161,mans men wanted to kiss the fire engine,I would have liked to have kissed the fireman,0.464,CHI,MOT,2.682,TRUE,36,FALSE,TRUE,FALSE,TRUE,TRUE
162,look I got anything on my hand,xxx,-2.48,CHI,MOT,3.266,TRUE,36,TRUE,FALSE,TRUE,TRUE,FALSE
163,Son Sonia Isabelle falled on the road and and crash went the sick and all over air,NA,0.12,CHI,INV,6.867,TRUE,36,TRUE,FALSE,FALSE,TRUE,TRUE
164,look what I have got my grass,yes,0.36,CHI,MOT,1.705,TRUE,36,TRUE,FALSE,FALSE,TRUE,FALSE
165,two ones,two ones,0.198,CHI,MOT,0.743,TRUE,36,FALSE,TRUE,FALSE,TRUE,FALSE
166,two ones,oh two books,0,CHI,MOT,0.5,TRUE,36,FALSE,TRUE,FALSE,TRUE,FALSE
167,about a lot ones,no no,0.058,CHI,MOT,1.195,TRUE,36,FALSE,TRUE,FALSE,TRUE,FALSE
168,I I eated this one,that's right,-0.034,CHI,MOT,2.089,TRUE,36,TRUE,FALSE,FALSE,TRUE,TRUE
169,Firefighter_Morris lied on the floor,oh right,0.198,CHI,MOT,3.494,TRUE,36,TRUE,FALSE,FALSE,TRUE,TRUE
170,this this wheels can't work,oh has something happened to the wheel,0.545,CHI,MOT,3.019,TRUE,36,FALSE,TRUE,FALSE,TRUE,FALSE
171,I think a mans men sleeps in there,do you think he sleeps in there,-0.011,CHI,MOT,3.808,TRUE,36,FALSE,TRUE,FALSE,TRUE,TRUE
172,I call have some cough smints mints,you call them cough mints,0.395,CHI,MOT,3.855,TRUE,36,FALSE,TRUE,FALSE,TRUE,FALSE
173,things are not fit in bowls,these things are not,1.189,CHI,MOT,2.578,TRUE,37,TRUE,FALSE,FALSE,TRUE,FALSE
174,I have got these,xxx,-0.819,CHI,MOT,3.337,TRUE,37,TRUE,FALSE,TRUE,TRUE,FALSE
175,then the train not watched out,did the train not watch out,0.046,CHI,MOT,2.426,TRUE,37,TRUE,FALSE,FALSE,TRUE,FALSE
176,then he leaved his passengers on the line,oh it's gonna catch it,0.301,CHI,INV,5.213,TRUE,37,TRUE,FALSE,FALSE,TRUE,TRUE
177,es droven driven over the money,oh you're driving over the money,-0.024,CHI,MOT,1.719,TRUE,37,TRUE,FALSE,FALSE,TRUE,?
178,then they said they selled them,and they didn't sell them,1.59,CHI,MOT,2.926,TRUE,37,TRUE,FALSE,FALSE,TRUE,TRUE
179,then come two ones,two ones,0.163,CHI,MOT,3.994,TRUE,37,FALSE,TRUE,FALSE,TRUE,FALSE
180,an the boy runned,and the man,0.313,CHI,MOT,1.231,TRUE,37,TRUE,FALSE,FALSE,TRUE,TRUE
181,I do not want my tracks off on,that's alright love,0.116,CHI,MOT,2.497,TRUE,37,FALSE,TRUE,FALSE,TRUE,FALSE
182,I drinked it all,I know,0.255,CHI,MOT,1.115,TRUE,37,TRUE,FALSE,FALSE,TRUE,TRUE
183,this chairs is tickling me,the chair's tickling you,0.035,CHI,MOT,1.927,TRUE,37,FALSE,TRUE,FALSE,TRUE,FALSE
184,that chairs is on fire,is it,-1.35,CHI,MOT,2.809,TRUE,37,FALSE,TRUE,FALSE,TRUE,FALSE
185,there one moneys,one two three four five,-0.15,CHI,MOT,1.405,TRUE,37,FALSE,TRUE,FALSE,TRUE,FALSE
186,what his name called,he's called Nemo,-0.035,CHI,INV,1.474,TRUE,37,TRUE,FALSE,FALSE,TRUE,FALSE
187,because it falled in the water,really,0.128,CHI,INV,2.02,TRUE,37,TRUE,FALSE,FALSE,TRUE,TRUE
188,then a hat falled on,don't throw that don't throw that,0.814,CHI,INV,2.31,TRUE,37,TRUE,FALSE,FALSE,TRUE,TRUE
189,this not works,no,0.969,CHI,MOT,1.834,TRUE,37,FALSE,TRUE,FALSE,TRUE,FALSE
190,I'm making just painting breads,painting breads,1.114,CHI,MOT,2.973,TRUE,37,FALSE,TRUE,FALSE,TRUE,FALSE
191,this pieces wants a wash in my drink,no,-0.034,CHI,MOT,4.121,TRUE,37,FALSE,TRUE,FALSE,TRUE,FALSE
192,this train not works,no,0.545,CHI,MOT,1.974,TRUE,37,FALSE,TRUE,FALSE,TRUE,FALSE
193,oh dustbin mens men are coming,yes,0.093,CHI,MOT,1.602,TRUE,38,FALSE,TRUE,FALSE,TRUE,TRUE
194,falled on floor,you're just eating your dinner and then you fell on the floor,0.406,CHI,MOT,0.999,TRUE,38,TRUE,FALSE,FALSE,TRUE,TRUE
195,now it sawed it post lorry coming by,hello post lorry,1.545,CHI,MOT,6.292,TRUE,38,TRUE,FALSE,FALSE,TRUE,TRUE
196,Purdie swallow my sausages,Purdie done what,0.302,CHI,MOT,3.448,TRUE,38,FALSE,TRUE,FALSE,TRUE,FALSE
197,two ones,two,0.116,CHI,MOT,1.069,TRUE,38,FALSE,TRUE,FALSE,TRUE,FALSE
198,it flied,we had a yellow balloon and what happened to it,-0.708,CHI,MOT,1.033,TRUE,38,TRUE,FALSE,TRUE,TRUE,TRUE
199,flied,it flying,0.318,CHI,MOT,0.964,TRUE,38,TRUE,FALSE,FALSE,TRUE,TRUE
200,it flieded flied,it flied,0.418,CHI,MOT,0.882,TRUE,38,TRUE,FALSE,FALSE,TRUE,TRUE
201,it flieded flied,yes,0,CHI,MOT,0.999,TRUE,38,TRUE,FALSE,FALSE,TRUE,TRUE
202,it flieded flied it,you let go of the string didn't you,0.093,CHI,MOT,1.555,TRUE,38,TRUE,FALSE,FALSE,TRUE,TRUE
203,where did sent them,well she sent them up to bed,-0.11,CHI,MOT,2.636,TRUE,38,TRUE,FALSE,FALSE,TRUE,FALSE
204,oh xxx two ones have popped,the balloons,0.104,CHI,MOT,2.972,TRUE,38,FALSE,TRUE,FALSE,TRUE,FALSE
205,all down my arm I did,what's the matter,0.613,CHI,MOT,2.093,TRUE,39,TRUE,FALSE,FALSE,TRUE,FALSE
206,and we have beened on the flags tool,let's have a look what your clean under pants have got on them,-0.094,CHI,MOT,3.454,TRUE,39,TRUE,TRUE,FALSE,TRUE,TRUE
207,I just knowed,no you mustn't eat them,0.185,CHI,MOT,1.452,TRUE,39,TRUE,FALSE,FALSE,TRUE,TRUE
208,look what I have done,right,-1.196,CHI,MOT,1.312,TRUE,39,TRUE,FALSE,TRUE,TRUE,FALSE
209,I sweeped it up,oh you're very clever,-0.093,CHI,MOT,1.37,TRUE,39,TRUE,FALSE,FALSE,TRUE,TRUE
210,no you are stuck,am I,0.023,CHI,MOT,1.114,TRUE,39,TRUE,FALSE,FALSE,TRUE,FALSE
211,it's a beautiful flowers,beautiful flowers in the window box on the farm,0.163,CHI,MOT,3.111,TRUE,39,FALSE,TRUE,FALSE,TRUE,FALSE
212,and you wanted to be it was bedtime you were sleepy wasn't you,well I am quite sleepy Thomas,-0.083,CHI,MOT,7.442,TRUE,39,TRUE,FALSE,FALSE,TRUE,FALSE
213,and then the boy and he didn't touch and the moon just xxx and the boy said quiet,did he,-0.134,CHI,MOT,10.344,TRUE,39,TRUE,FALSE,FALSE,TRUE,FALSE
214,we was too late,what was too late,0.116,CHI,MOT,1.707,TRUE,39,TRUE,FALSE,FALSE,TRUE,FALSE
215,I just maked it,Tom,0.534,CHI,MOT,0.882,TRUE,39,TRUE,FALSE,FALSE,TRUE,TRUE
216,he got lots_of containers in it but it was a train track in,oh right,0.133,CHI,MOT,5.34,TRUE,39,TRUE,TRUE,FALSE,TRUE,FALSE
217,but where are the cars,this is beautiful,-0.349,CHI,INV,1.533,TRUE,39,FALSE,TRUE,FALSE,TRUE,FALSE
218,it did go elephants sleep,elephants go to sleep,0.116,CHI,INV,2.346,TRUE,39,TRUE,TRUE,FALSE,TRUE,FALSE
219,look at I have done,we've got_to see what this one has done,0.302,CHI,MOT,1.242,TRUE,40,TRUE,FALSE,FALSE,TRUE,FALSE
220,it was got lots_of wheels and it said oil,did it,-0.047,CHI,MOT,3.089,TRUE,40,TRUE,FALSE,FALSE,TRUE,FALSE
221,Mummy put some lots in there then can deliver it there,alright,-1.277,CHI,MOT,4.922,TRUE,40,FALSE,TRUE,FALSE,TRUE,FALSE
222,I am giving you lots a sweeties,you're giving me lots_of sweeties,NA,CHI,MOT,media info not available,TRUE,40,FALSE,TRUE,TRUE,TRUE,FALSE
223,not much water in there left,pardon,NA,CHI,MOT,media info not available,TRUE,40,TRUE,FALSE,FALSE,TRUE,FALSE
224,xxx need some lots,yeah,-0.395,CHI,MOT,1.405,TRUE,40,FALSE,TRUE,FALSE,TRUE,FALSE
225,I am making some some biscuits for them I like biscuits,right,-2.561,CHI,MOT,4.899,TRUE,40,FALSE,TRUE,TRUE,TRUE,FALSE
226,you have got,it's,-0.853,CHI,MOT,1.336,TRUE,40,TRUE,FALSE,TRUE,TRUE,FALSE
227,he stopped out a Liam house,yes,0.012,CHI,MOT,2.693,TRUE,40,TRUE,FALSE,TRUE,TRUE,FALSE
228,it were gold blue an it had got numbers on it as well,got num the rainbow had numbers on it,-3.399,CHI,MOT,7.934,TRUE,40,TRUE,FALSE,FALSE,TRUE,FALSE
229,you didn't saw me,well you must think you're doing something naughty by asking me to turn my head,-0.075,CHI,MOT,1.777,TRUE,40,TRUE,FALSE,FALSE,TRUE,FALSE
230,you are a good lady you say cables,oh right,-0.697,CHI,MOT,3.158,TRUE,40,FALSE,TRUE,TRUE,TRUE,FALSE
231,and we have gone all the rubbish away,very good,-0.011,CHI,MOT,3.599,TRUE,40,TRUE,FALSE,FALSE,TRUE,FALSE
232,you waked him up,have I,-0.011,CHI,MOT,1.532,TRUE,40,TRUE,FALSE,FALSE,TRUE,TRUE
233,um I readed the ten o'clock,you read the newspaper at ten o'clock,0.499,CHI,INV,4.272,TRUE,40,TRUE,FALSE,FALSE,TRUE,TRUE
234,because the we all fixeded fixed it,you fixeded it,0,CHI,MOT,2.357,TRUE,41,TRUE,FALSE,FALSE,TRUE,TRUE
235,I have fixeded fixed it,you've fixeded it,0,CHI,MOT,1.382,TRUE,41,TRUE,FALSE,FALSE,TRUE,TRUE
236,then he gone down xxx rubbish,and then he came down and collected all the rubbish did he,0.717,CHI,MOT,4.621,TRUE,41,TRUE,FALSE,FALSE,TRUE,FALSE
237,not mice lady,oh I am a nice lady,0.363,CHI,MOT,1.838,TRUE,41,FALSE,TRUE,FALSE,TRUE,FALSE
238,it was got some problem,oh dear,0.325,CHI,MOT,1.73,TRUE,41,TRUE,FALSE,FALSE,TRUE,FALSE
239,please can I got past,yes,-0.034,CHI,MOT,1.869,TRUE,41,TRUE,FALSE,FALSE,TRUE,FALSE
240,Mummy do you want to talk to Daddy today didn't you,yeah,-0.665,CHI,MOT,4.144,TRUE,41,TRUE,FALSE,TRUE,TRUE,FALSE
241,but I have just gone away,Thomas would you like some toast,-0.031,CHI,MOT,2.202,TRUE,41,TRUE,FALSE,FALSE,TRUE,FALSE
242,got a bones in it,it got bones in it has it,-0.12,CHI,MOT,1.62,TRUE,41,FALSE,TRUE,FALSE,TRUE,FALSE
243,there's some lines here,you were telling me that you drawn some flowers at Nana's,-0.986,CHI,MOT,3.738,TRUE,41,FALSE,TRUE,TRUE,TRUE,FALSE
244,um a sirens,what siren,-0.105,CHI,MOT,1.672,TRUE,41,FALSE,TRUE,FALSE,TRUE,FALSE
245,i want this xxx weighed an make it full up,yes please,0,CHI,MOT,3.924,TRUE,42,TRUE,FALSE,FALSE,TRUE,FALSE
246,got in Mum,oh yes sorry,0.244,CHI,MOT,1.881,TRUE,42,TRUE,FALSE,FALSE,TRUE,FALSE
247,I'm just going to left just on there,you're you're going to leave them,0.117,CHI,MOT,3.192,TRUE,42,TRUE,FALSE,FALSE,TRUE,FALSE
248,she gone on a rails,oh no,0.035,CHI,MOT,2.403,TRUE,42,FALSE,TRUE,FALSE,TRUE,FALSE
249,it blowed a xxx into a great big sea,it blew what into the sea,0,CHI,MOT,3.982,TRUE,42,TRUE,FALSE,FALSE,TRUE,TRUE
250,an it shut a doors,right,0.72,CHI,MOT,2.6,TRUE,42,FALSE,TRUE,FALSE,TRUE,FALSE
251,you was,is this am I in jail for being a naughty girl,-0.163,CHI,INV,1.626,TRUE,42,TRUE,FALSE,FALSE,TRUE,FALSE
252,a shops,a shop,1.388,CHI,MOT,1.045,TRUE,42,FALSE,TRUE,FALSE,TRUE,FALSE
253,no not yet I'm not caught in jail forever and don't need anybody ge getting me out a policeman will let me you know,really,0.081,CHI,INV,10.762,TRUE,42,TRUE,FALSE,FALSE,TRUE,FALSE
254,I'm just I know I'm just fell out of the space rocket that's why I'm lying there,oh right,0.034,CHI,MOT,5.422,TRUE,42,TRUE,FALSE,FALSE,TRUE,FALSE
255,nobody has got a sore tummy,xxx put this xxx,-0.186,CHI,INV,1.985,TRUE,42,TRUE,FALSE,FALSE,TRUE,FALSE
256,and a man done this,pardon,0.622,CHI,MOT,1.8,TRUE,42,TRUE,FALSE,FALSE,TRUE,FALSE
257,I'm a b an q man to drives a truck,b and q man,-1.208,CHI,INV,3.274,TRUE,42,FALSE,TRUE,TRUE,TRUE,FALSE
258,an what your in the shops you gave it back to me when we are out of the shops you can get it again,alright,-0.58,CHI,MOT,7.105,TRUE,42,TRUE,FALSE,FALSE,TRUE,FALSE
259,here we comed out of the shops,right,-0.22,CHI,MOT,1.834,TRUE,42,TRUE,FALSE,FALSE,TRUE,TRUE
260,I have got a friend called Luke,the boy's,-2.146,CHI,MOT,2.147,TRUE,42,TRUE,FALSE,TRUE,TRUE,FALSE
261,oh I throwed it down,well you'd better pick it up because I can't make it if some of the pieces are missing can I,0.046,CHI,MOT,2.659,TRUE,42,TRUE,FALSE,FALSE,TRUE,TRUE
262,I have got some Smarties,oh look,-0.755,CHI,MOT,2.856,TRUE,42,TRUE,FALSE,FALSE,TRUE,FALSE
263,I have eaten it,there's a there's a brown one there that I can see,-0.012,CHI,MOT,1.475,TRUE,42,TRUE,FALSE,TRUE,TRUE,FALSE
264,no we wasn't,well tell me what was it,0,CHI,MOT,1.95,TRUE,42,TRUE,FALSE,FALSE,TRUE,FALSE
265,I have just got headache,pardon,-0.045,CHI,MOT,1.974,TRUE,42,TRUE,FALSE,FALSE,TRUE,FALSE
266,now tell me the story when the fire catched on,when when next door caught fire,0.151,CHI,MOT,5.259,TRUE,43,TRUE,FALSE,FALSE,TRUE,TRUE
267,Mummy Mummy do you know what has gone on fire,don't please don't bang that Thomas darling,-4.551,CHI,MOT,8.289,TRUE,43,TRUE,FALSE,TRUE,TRUE,FALSE
268,do you know what it's name called Mummy,no,-0.012,CHI,MOT,2.276,TRUE,43,TRUE,FALSE,FALSE,TRUE,FALSE
269,he throwed it in xxx,goodness me,-0.105,CHI,MOT,1.858,TRUE,43,TRUE,FALSE,FALSE,TRUE,TRUE
270,Mummy it's tacheded attached on,attached,0.024,CHI,MOT,2.635,TRUE,43,TRUE,FALSE,FALSE,TRUE,FALSE
271,xxx you cutted it,I didn't cut it,-0.011,CHI,MOT,3.878,TRUE,43,TRUE,FALSE,FALSE,TRUE,TRUE
272,I wanted to do it now,could you stand up please,-0.963,CHI,MOT,2.937,TRUE,43,TRUE,FALSE,FALSE,TRUE,FALSE
273,baby falled down,and look on the same page as,0,CHI,MOT,1.904,TRUE,43,TRUE,FALSE,FALSE,TRUE,TRUE
274,now she falled down,I know,-1.114,CHI,MOT,1.939,TRUE,43,TRUE,FALSE,FALSE,TRUE,TRUE
275,Gordon and Henry was um walking along the rail rail lines,yes,-0.104,CHI,MOT,7.354,TRUE,43,TRUE,FALSE,FALSE,TRUE,FALSE
276,Mummy Henry felled fell into a deep blue sea,did he,0.72,CHI,MOT,4.934,TRUE,43,TRUE,FALSE,FALSE,TRUE,TRUE
277,she doesn't bit your finger like that,bite your finger,-0.019,CHI,MOT,3.378,TRUE,43,TRUE,FALSE,FALSE,TRUE,FALSE
278,and that was hurt on you,did someone else fly out of their car and land on top of me,0.197,CHI,MOT,2.044,TRUE,43,TRUE,FALSE,FALSE,TRUE,FALSE
279,we gone in another hotel didn't we,yes yes,0,CHI,MOT,3.134,TRUE,43,TRUE,FALSE,FALSE,TRUE,FALSE
280,show me went it's ready,I will,0.148,CHI,MOT,1.8,TRUE,43,TRUE,FALSE,FALSE,TRUE,FALSE
281,he flied on on my head,you're probably suffering from jet lag Thomas you don't give yourself time in a country to catch up on your sleep before you fly off again,-2.739,CHI,MOT,2.751,TRUE,43,TRUE,FALSE,FALSE,TRUE,TRUE
282,it got a big long teeth,xxx,-1.55,CHI,INV,1.55,TRUE,43,FALSE,TRUE,TRUE,TRUE,FALSE
283,got a big teeth,sit here,0.128,CHI,INV,1.503,TRUE,43,FALSE,TRUE,FALSE,TRUE,FALSE
284,crawled away,we've played that already haven't we,0.122,CHI,INV,1.782,TRUE,43,TRUE,FALSE,FALSE,TRUE,FALSE
285,uh Mummy yesterday you gone on a bus and you forgotten your purse,oh dear,0.209,CHI,MOT,6.757,TRUE,44,TRUE,FALSE,FALSE,TRUE,FALSE
286,I um big lorrys with no poorly wheels and a xxx and big piece of woods,oh right,-0.906,CHI,INV,10.287,TRUE,44,FALSE,TRUE,FALSE,TRUE,FALSE
287,then they runned,was everybody,1.161,CHI,INV,1.335,TRUE,44,TRUE,FALSE,FALSE,TRUE,TRUE
288,it brok down,oh,0.023,CHI,INV,1.869,TRUE,44,TRUE,FALSE,FALSE,TRUE,FALSE
289,this is all the other rubbishes,where's the nearest rubbish tip to here,-0.008,CHI,INV,2.147,TRUE,44,FALSE,TRUE,FALSE,TRUE,TRUE
290,shook hands first then I will sing a song,oh,-0.5,CHI,MOT,3.39,TRUE,44,TRUE,FALSE,FALSE,TRUE,FALSE
291,stupids,stupids,0.662,CHI,INV,1.114,TRUE,44,FALSE,TRUE,FALSE,TRUE,FALSE
292,now I've felled fell in,why did the fire man not put the fire out,-0.453,CHI,MOT,1.3,TRUE,44,TRUE,FALSE,FALSE,TRUE,TRUE
293,there's more dustbin bags,that's all I need,-1.462,CHI,MOT,1.463,TRUE,44,FALSE,TRUE,TRUE,TRUE,FALSE
294,when I make crush that it gots got dough in,sorry,0.592,CHI,MOT,4.818,TRUE,44,TRUE,FALSE,FALSE,TRUE,FALSE
295,and I might chopped them up,with the,NA,CHI,MOT,1.416,TRUE,44,TRUE,FALSE,FALSE,TRUE,FALSE
296,no they said do not do any Ruldoph games,oh right,0.104,CHI,MOT,4.528,TRUE,44,TRUE,FALSE,FALSE,TRUE,FALSE
297,it had snowed,it would be awful if it did snow on top of strawberries because when we grow strawberries in the summer the last thing we want is snow coming down isn't it,0.381,CHI,MOT,1.869,TRUE,44,TRUE,FALSE,FALSE,TRUE,FALSE
298,when you was going in a driveway do you know what he saw,no,-0.198,CHI,MOT,4.575,TRUE,45,TRUE,FALSE,FALSE,TRUE,FALSE
299,I was to say sharks didn't I,NA,-0.732,CHI,MOT,5.248,TRUE,45,TRUE,FALSE,FALSE,TRUE,FALSE
300,not see green fishes for a while have you,NA,-1.138,CHI,MOT,3.739,TRUE,45,FALSE,TRUE,FALSE,TRUE,TRUE
301,I won't get messys,no no but there's all this Sellotape that needs using up look,0.515,CHI,MOT,1.346,TRUE,45,FALSE,TRUE,FALSE,TRUE,FALSE
302,with the windows in and now did it went bang,well Daddy said it all burnt to the ground,-0.034,CHI,MOT,3.227,TRUE,45,TRUE,FALSE,FALSE,TRUE,FALSE
303,I didn't but I saw treading on wires,treading on the wires,0.581,CHI,MOT,4.098,TRUE,45,TRUE,FALSE,FALSE,TRUE,FALSE
304,I have got a hat,that'll do I'm sure,NA,CHI,INV,media info not available,TRUE,45,TRUE,FALSE,FALSE,TRUE,FALSE
305,I runned over my toy,NA,NA,CHI,MOT,media info not available,TRUE,45,TRUE,FALSE,FALSE,TRUE,TRUE
306,when I played it would,no,NA,CHI,MOT,media info not available,TRUE,45,TRUE,FALSE,FALSE,TRUE,FALSE
307,a pooey yoghurts,hey,NA,CHI,MOT,media info not available,TRUE,45,FALSE,TRUE,FALSE,TRUE,FALSE
308,I did heard it,yes,0.034,CHI,MOT,1.115,TRUE,46,TRUE,FALSE,FALSE,TRUE,FALSE
309,what happened rain so he done that,he put the cloth over his van did he,0.559,CHI,MOT,3.668,TRUE,46,TRUE,FALSE,FALSE,TRUE,FALSE
310,and who did put the rubbish bin under the table,well you did darling actually,-0.012,CHI,MOT,3.587,TRUE,46,TRUE,FALSE,FALSE,TRUE,FALSE
311,uhoh lots of number ones,no it's that's not number ones,-0.209,CHI,MOT,2.38,TRUE,46,FALSE,TRUE,FALSE,TRUE,FALSE
312,oh no my feet need a rest,shall I go and,-2.12,CHI,MOT,2.31,TRUE,46,FALSE,TRUE,TRUE,TRUE,FALSE
313,cause I eated some of that,have you,-0.093,CHI,MOT,1.87,TRUE,46,TRUE,FALSE,FALSE,TRUE,TRUE
314,told,well it's a great big bag I think actually your Grandad got it from B Q didn't he one day,0.836,CHI,MOT,0.871,TRUE,46,TRUE,FALSE,FALSE,TRUE,FALSE
315,it run out of um ink to put in his truck,petrol,0.093,CHI,INV,5.712,TRUE,46,TRUE,FALSE,FALSE,TRUE,FALSE
316,he went gone xxx up and the transporter man fell in a bush,oh,-0.093,CHI,INV,6.641,TRUE,46,TRUE,FALSE,FALSE,TRUE,FALSE
317,i dropped my list,you dropped your list,-0.001,CHI,MOT,0.939,TRUE,47,TRUE,FALSE,FALSE,TRUE,FALSE
318,they were havings,well eat this first,0.092,CHI,MOT,1.985,TRUE,47,FALSE,TRUE,FALSE,TRUE,FALSE
319,I was sit one of the customer and said please may I have some sausage and chips and tomato,you were one of the customers,-0.023,CHI,MOT,5.805,TRUE,47,TRUE,FALSE,FALSE,TRUE,FALSE
320,I have just got pants on,he wears his pants on the outside doesn't he,-1.242,CHI,MOT,1.764,TRUE,47,TRUE,FALSE,TRUE,TRUE,FALSE
321,you haven't speaked through it,I haven't speaked through it,-0.023,CHI,MOT,2.496,TRUE,47,TRUE,FALSE,FALSE,TRUE,TRUE
322,as the day is trains,NA,-0.011,CHI,INV,2.902,TRUE,48,FALSE,TRUE,FALSE,TRUE,FALSE
323,I sleeped slept,that you sleeped,-0.009,CHI,MOT,1.498,TRUE,48,TRUE,FALSE,FALSE,TRUE,TRUE
324,is there any pink quavers,no,-0.011,CHI,MOT,2.716,TRUE,48,FALSE,TRUE,FALSE,TRUE,FALSE
325,what if I runned ran away,no no no,-0.031,CHI,MOT,1.777,TRUE,48,TRUE,FALSE,FALSE,TRUE,TRUE
326,if I runned ran away what would happen,now if you ran away and let go it would come flying back and hit me wouldn't it,-0.054,CHI,MOT,1.893,TRUE,48,TRUE,FALSE,FALSE,TRUE,TRUE
327,I shouldn't of builded built a wall that big,built a wall not builded,-0.024,CHI,MOT,3.89,TRUE,48,TRUE,FALSE,FALSE,TRUE,TRUE
328,I've got need it,oh oh,3.593,CHI,INV,2.334,TRUE,49,TRUE,FALSE,FALSE,TRUE,FALSE
329,she's gone now about us,no she hasn't she's upstairs,0.011,CHI,INV,2.322,TRUE,49,TRUE,FALSE,FALSE,TRUE,FALSE
330,these buses have forgot fire engine,right,0.256,CHI,MOT,2.205,TRUE,49,TRUE,FALSE,FALSE,TRUE,FALSE
331,but the cats there looks bluey,why,0.035,CHI,MOT,2.589,TRUE,49,FALSE,TRUE,FALSE,TRUE,FALSE
332,I've ate it,you've eaten it all have you,0.174,CHI,MOT,1.498,TRUE,49,TRUE,FALSE,FALSE,TRUE,FALSE
333,you are just preten you are dreaming weren't you,I was dreaming,-0.046,CHI,MOT,3.018,TRUE,49,TRUE,FALSE,FALSE,TRUE,FALSE
334,she did wanted let out that door,so you opened the door and she didn't want to go,0.019,CHI,MOT,2.763,TRUE,49,TRUE,FALSE,FALSE,TRUE,FALSE
335,this is when this is what she did when Nana and Grandad was here,did she,0,CHI,MOT,4.086,TRUE,49,TRUE,FALSE,FALSE,TRUE,FALSE
336,just pretend the cornflakes was back of learning signs then,alright,0.116,CHI,MOT,4.414,TRUE,49,TRUE,FALSE,FALSE,TRUE,FALSE
337,here's some more toys,oh,0.441,CHI,MOT,1.289,TRUE,49,FALSE,TRUE,FALSE,TRUE,FALSE
338,a car runned over him,a car's run over him,0.058,CHI,MOT,2.067,TRUE,50,TRUE,FALSE,FALSE,TRUE,TRUE
339,look xxx throwed it into here,but they must have been jolly strong to pick up a police car and throw it into the dustbin truck,1.497,CHI,MOT,2.148,TRUE,50,TRUE,FALSE,FALSE,TRUE,TRUE
340,and I think a Mummy someone's Mummy has stolen them,you think someone's Mummy has stolen them,-0.023,CHI,INV,4.563,TRUE,50,TRUE,FALSE,FALSE,TRUE,FALSE
341,I throw you these things,these are lovely cones,0.093,CHI,INV,2.461,TRUE,50,FALSE,TRUE,FALSE,TRUE,FALSE
342,what was that lorry carried,www,0.124,CHI,MOT,2.079,TRUE,50,TRUE,FALSE,FALSE,TRUE,FALSE
343,that's when I'm died,oh,0.406,CHI,MOT,2.241,TRUE,50,TRUE,FALSE,FALSE,TRUE,FALSE
344,just pretend Purdie was Woody,xxx going to stroke Woody are we,-0.116,CHI,MOT,2.171,TRUE,50,TRUE,FALSE,FALSE,TRUE,FALSE
345,or they could have painted it,there you are painted your plane xxx,0.906,CHI,MOT,1.753,TRUE,50,TRUE,FALSE,FALSE,TRUE,FALSE
346,he tells you all the sweets how they're made,does he,0.198,CHI,MOT,2.148,TRUE,50,TRUE,TRUE,FALSE,TRUE,FALSE
347,and then they she did up her knickers,uh Thomas,0.024,CHI,MOT,3.494,TRUE,51,TRUE,FALSE,FALSE,TRUE,FALSE
348,look where my toes,NA,0.079,CHI,MOT,1.66,TRUE,51,FALSE,TRUE,FALSE,TRUE,FALSE
349,I haven't got a uniform just a liccle little xxx,any ideas,-2.357,CHI,INV,2.484,TRUE,51,TRUE,FALSE,TRUE,TRUE,FALSE
350,habby happy meals,NA,-0.244,CHI,INV,1.033,TRUE,51,FALSE,TRUE,TRUE,TRUE,FALSE
351,my phone was broke,brrr brrr oh bother,0.001,CHI,MOT,1.266,TRUE,51,TRUE,FALSE,FALSE,TRUE,FALSE
352,and I was the delivery man,oh right,NA,CHI,MOT,media info not available,TRUE,51,TRUE,FALSE,FALSE,TRUE,FALSE
353,and then he did change his bottoms,Mister Clarke wants what,1.351,CHI,MOT,3.204,TRUE,51,TRUE,FALSE,FALSE,TRUE,FALSE
354,that we've never hap had,you can,0.662,CHI,MOT,1.138,TRUE,51,TRUE,FALSE,FALSE,TRUE,FALSE
355,they're pisps crisps,well are they like quavers,6.419,CHI,MOT,1.033,TRUE,51,FALSE,TRUE,FALSE,TRUE,FALSE
356,I've just had hundreds of the cheese,have you,-0.091,CHI,MOT,2.578,TRUE,51,FALSE,TRUE,FALSE,TRUE,FALSE
357,why are we don't had any rubbish,yes I put mine out,0.408,CHI,MOT,2.462,TRUE,52,TRUE,FALSE,FALSE,TRUE,FALSE
358,you have not done when it was two,well I've mended xxx,1.007,CHI,MOT,3.356,TRUE,52,TRUE,FALSE,FALSE,TRUE,FALSE
359,I've forgot,S K four three,NA,CHI,MOT,media info not available,TRUE,52,TRUE,FALSE,FALSE,TRUE,FALSE
360,I just drunk some water den then,did you,0.169,CHI,MOT,1.765,TRUE,52,TRUE,FALSE,FALSE,TRUE,?
361,we've got a green suitcases,yes,-0.708,CHI,MOT,2.415,TRUE,52,FALSE,TRUE,TRUE,TRUE,FALSE
362,xxx wheels are skipping slipping,they,-0.082,CHI,MOT,2.346,TRUE,52,FALSE,TRUE,FALSE,TRUE,FALSE
363,I will if there's another people squirting me,no,0.092,CHI,MOT,2.356,TRUE,52,FALSE,TRUE,FALSE,TRUE,FALSE
364,Grant given gave it to me,oh that's right yes you're right,-0.023,CHI,MOT,1.695,TRUE,53,TRUE,FALSE,FALSE,TRUE,FALSE
365,look how many dinosaurs I have got,xxx,-0.046,CHI,MOT,2.45,TRUE,53,TRUE,FALSE,FALSE,TRUE,FALSE
366,her got thirty rubbish,mm are you a dustbin man now,-0.109,CHI,MOT,2.392,TRUE,53,TRUE,FALSE,FALSE,TRUE,FALSE
367,bumped off and now it's broke broken,is the driver of a plane or a train,1.405,CHI,MOT,3.994,TRUE,53,TRUE,FALSE,FALSE,TRUE,FALSE
368,bit fowl wheels and flat stole tyres red blue blue or white cocoas,NA,-1.567,CHI,MOT,8.87,TRUE,53,TRUE,TRUE,TRUE,TRUE,FALSE
369,xxx that I builded this,one you built,-0.032,CHI,MOT,5.015,TRUE,53,TRUE,FALSE,FALSE,TRUE,TRUE
370,it had this whoo,goodness me that's loud,-0.007,CHI,MOT,2.345,TRUE,53,TRUE,FALSE,FALSE,TRUE,FALSE
371,something standed up,oh are you throwing that so sock again are you,0.012,CHI,MOT,1.44,TRUE,53,TRUE,FALSE,FALSE,TRUE,TRUE
372,there's one bended nose,he's crushing my nose,-0.563,CHI,INV,2.467,TRUE,53,TRUE,FALSE,FALSE,TRUE,TRUE
373,it's all bended,ow,0.005,CHI,INV,1.254,TRUE,53,TRUE,FALSE,FALSE,TRUE,TRUE
374,it's all bended and squashed,bent,-0.042,CHI,MOT,3.384,TRUE,53,TRUE,FALSE,FALSE,TRUE,TRUE
375,have some crisps,what do you say,-0.035,CHI,MOT,1.37,TRUE,54,FALSE,TRUE,FALSE,TRUE,FALSE
376,the hula went ranned run away,has it gone up your sleeve,-0.987,CHI,MOT,2.241,TRUE,54,TRUE,FALSE,TRUE,TRUE,TRUE
377,xxx see we looked up he was hit me eye,hm,0,CHI,MOT,3.344,TRUE,54,TRUE,FALSE,FALSE,TRUE,FALSE
378,I don't want the um wheels squeak if I put some oil in,well if you put oil in things it lubricates them,0.412,CHI,MOT,5.329,TRUE,54,FALSE,TRUE,FALSE,TRUE,FALSE
379,it just needs one wheel lost,no,-0.035,CHI,MOT,2.264,TRUE,54,TRUE,FALSE,FALSE,TRUE,FALSE
380,who gots got money,and is this yours Thomas,1.447,CHI,MOT,1.718,TRUE,54,TRUE,FALSE,FALSE,TRUE,FALSE
381,I swimmed,you did swim didn't you,0.165,CHI,MOT,1.184,TRUE,54,TRUE,FALSE,FALSE,TRUE,TRUE
382,does it not matter if it got suds in your ear,no,0.627,CHI,MOT,2.276,TRUE,54,TRUE,FALSE,FALSE,TRUE,FALSE
383,you maded made it,well you make the next one and I'll slot it in the top,0,CHI,MOT,1.196,TRUE,54,TRUE,FALSE,FALSE,TRUE,TRUE
384,um have you ate your jelly,eaten it,-0.013,CHI,MOT,2.972,TRUE,54,TRUE,FALSE,FALSE,TRUE,FALSE
385,I think I think a fish bited her,do you,0.082,CHI,MOT,2.786,TRUE,54,TRUE,FALSE,FALSE,TRUE,TRUE
386,there's rats outside and mouses inside,there better not be mice inside,-0.069,CHI,MOT,2.496,TRUE,54,FALSE,TRUE,FALSE,TRUE,TRUE
387,how how did the duck fell down,the duck,0.197,CHI,MOT,2.334,TRUE,55,TRUE,FALSE,FALSE,TRUE,FALSE
388,I sitted next to him,did you,-0.034,CHI,MOT,1.753,TRUE,55,TRUE,FALSE,FALSE,TRUE,TRUE
389,but would someone have a big candles,yes,-0.557,CHI,MOT,3.007,TRUE,55,FALSE,TRUE,TRUE,TRUE,FALSE
390,don't want to because I've drawed some already,no,-0.058,CHI,MOT,2.578,TRUE,55,TRUE,FALSE,FALSE,TRUE,TRUE
391,I'll drawed it,you draw,-0.023,CHI,MOT,1.091,TRUE,55,TRUE,FALSE,FALSE,TRUE,TRUE
392,look at her hairs,xxx hair yes,-0.104,CHI,MOT,1.602,TRUE,55,FALSE,TRUE,FALSE,TRUE,TRUE
393,and I've only got one two persons,what is it you've got,0.046,CHI,MOT,2.833,TRUE,55,FALSE,TRUE,FALSE,TRUE,TRUE
394,two persons,two persons,0.58,CHI,MOT,0.964,TRUE,55,FALSE,TRUE,FALSE,TRUE,TRUE
395,I could of not heared him,xxx,-0.036,CHI,MOT,2.496,TRUE,55,TRUE,FALSE,FALSE,TRUE,TRUE
396,what was how did the man fell off his ladder,I don't know,NA,CHI,MOT,3.831,TRUE,55,TRUE,FALSE,FALSE,TRUE,FALSE
397,that had fell off,yes,-0.023,CHI,MOT,1.242,TRUE,55,TRUE,FALSE,FALSE,TRUE,FALSE
398,the man's fell off his cab now,at Christmas it was all lit up in his cab and I think he used to have a big advertising poster on his crane as well,4.751,CHI,MOT,2.159,TRUE,55,TRUE,FALSE,TRUE,TRUE,FALSE
399,have you et ate it,oh,NA,CHI,MOT,1.359,TRUE,55,TRUE,FALSE,FALSE,TRUE,FALSE
400,we went we drived into the car to see it,did you,0.046,CHI,MOT,3.564,TRUE,56,TRUE,FALSE,FALSE,TRUE,TRUE
401,Thomas gived it me,precisely,0.023,CHI,MOT,1.417,TRUE,56,TRUE,FALSE,FALSE,TRUE,TRUE
402,is this what cabs around,yes uhhuh,-0.012,CHI,MOT,1.741,TRUE,56,FALSE,TRUE,FALSE,TRUE,FALSE
403,I will do the leafs,then if we have that one that one and that one,0.031,CHI,MOT,1.126,TRUE,56,FALSE,TRUE,FALSE,TRUE,TRUE
404,you said I'm banneded banned from cheese,banneded from cheese,0.056,CHI,MOT,2.717,TRUE,56,TRUE,FALSE,FALSE,TRUE,TRUE
405,um I've forgot all the words,right,0.081,CHI,MOT,2.52,TRUE,56,TRUE,FALSE,FALSE,TRUE,FALSE
406,I've forgot all of it,xxx,-0.616,CHI,FAT,1.753,TRUE,56,TRUE,FALSE,TRUE,TRUE,FALSE
407,I have eaten some lemon balls,how many have you eaten,0,CHI,INV,2.101,TRUE,56,FALSE,TRUE,FALSE,TRUE,FALSE
408,no it's not beginned yet,oh it's not begun yet,-0.337,CHI,INV,1.974,TRUE,56,TRUE,FALSE,TRUE,TRUE,TRUE
409,I throwed it down there,where,0.568,CHI,MOT,2.23,TRUE,56,TRUE,FALSE,FALSE,TRUE,TRUE
410,it shoots people and made them die,oh dear,-0.012,CHI,MOT,2.485,TRUE,56,TRUE,FALSE,FALSE,TRUE,FALSE
411,we're we're doing the we're the cleaner up men and ladies,the cleaner up men and ladies,0.287,CHI,INV,5.166,TRUE,56,FALSE,TRUE,FALSE,TRUE,FALSE
412,why can you not eat touch the the chunks,well I can touch the chunks but they're not very nice to touch,0.097,CHI,MOT,3.994,TRUE,57,FALSE,TRUE,FALSE,TRUE,FALSE
413,I just bited this and then it came off,no don't put it,-1.068,CHI,MOT,2.38,TRUE,57,TRUE,FALSE,TRUE,TRUE,TRUE
414,I used it when Nana and Grandad was here,yesterday,0.057,CHI,MOT,2.531,TRUE,57,TRUE,FALSE,FALSE,TRUE,FALSE
415,now I knew a way to put the animals,right then,-0.092,CHI,MOT,2.519,TRUE,57,TRUE,TRUE,FALSE,TRUE,FALSE
416,I've forgot,now I'll tell you again then,-0.105,CHI,MOT,0.639,TRUE,58,TRUE,FALSE,FALSE,TRUE,FALSE
417,it's called a pass sweets,pass sweets,0.36,CHI,MOT,2.775,TRUE,58,FALSE,TRUE,FALSE,TRUE,FALSE
418,where did they came from,I don't know,0.029,CHI,MOT,1.184,TRUE,58,TRUE,FALSE,FALSE,TRUE,FALSE
419,Scoop falled in there,did he,0.023,CHI,MOT,1.637,TRUE,58,TRUE,FALSE,FALSE,TRUE,TRUE
420,and then all of them falled in,fell,1.088,CHI,MOT,2.45,TRUE,58,TRUE,FALSE,FALSE,TRUE,TRUE
421,and then the land falled in the water,the land fell in the water,0.558,CHI,MOT,3.622,TRUE,58,TRUE,FALSE,FALSE,TRUE,TRUE
422,no they have got a child,have they,-0.082,CHI,MOT,2.101,TRUE,58,TRUE,FALSE,FALSE,TRUE,FALSE
423,you pretend it was tomorrow,okay,-0.009,CHI,INV,2.368,TRUE,58,TRUE,FALSE,FALSE,TRUE,FALSE
424,I throwed it back for them,did you,0.128,CHI,MOT,1.556,TRUE,58,TRUE,FALSE,FALSE,TRUE,TRUE
425,I was in a town and when this a and a bo and um the people and I forgot to put my trousers on,oh,-0.037,CHI,MOT,8.034,TRUE,58,FALSE,TRUE,FALSE,TRUE,FALSE
426,you have done it over there,well you can't stay over there all the time Tom because you need your breakfast,-0.175,CHI,MOT,2.973,TRUE,59,TRUE,FALSE,FALSE,TRUE,FALSE
427,did you know what I heard,boo boo something like that,0.894,CHI,MOT,1.962,TRUE,59,TRUE,FALSE,FALSE,TRUE,FALSE
428,Zoe sent to the writing,the one you have written to Lyne and the one you have written to Lyne was the first one,0.128,CHI,MOT,2.205,TRUE,59,TRUE,FALSE,FALSE,TRUE,FALSE
429,your sausage machine it has already finded some,yes,-0.012,CHI,MOT,4.192,TRUE,59,TRUE,FALSE,FALSE,TRUE,TRUE
430,be good if real horses,if what,0.14,CHI,MOT,2.368,TRUE,59,FALSE,TRUE,FALSE,TRUE,FALSE
431,I found squashing up the picture xxx,should we open the blue one,NA,CHI,MOT,media info not available,TRUE,59,TRUE,FALSE,TRUE,TRUE,FALSE
432,xxx lady xxx mens men,well I would imagine ladies and mens are the same really it's only like a waistcoat,0.609,CHI,MOT,3.634,TRUE,59,FALSE,TRUE,FALSE,TRUE,FALSE
433,you must be gone to back to the shop,well I don't,-0.058,CHI,MOT,3.379,TRUE,59,TRUE,FALSE,FALSE,TRUE,FALSE
434,you like weren't me,you keep saying that to me,0.604,CHI,MOT,1.927,TRUE,59,TRUE,FALSE,FALSE,TRUE,FALSE
435,dugged dug,the digger had dugged dug,0.035,CHI,MOT,0.963,TRUE,59,TRUE,FALSE,FALSE,TRUE,TRUE
436,I think I've already broke it,well just do it gent,-0.487,CHI,MOT,1.846,TRUE,59,TRUE,FALSE,TRUE,TRUE,FALSE
437,you should of catched it,do you know what these little rough bits are for there,-0.093,CHI,MOT,1.683,TRUE,59,TRUE,FALSE,FALSE,TRUE,TRUE
438,I just throwed it in the bin,you've thrown my hat in the bin,-0.053,CHI,INV,1.3,TRUE,59,TRUE,FALSE,FALSE,TRUE,TRUE
439,just pretend there was a cat on the train and it tripped up and he falled on the track,a cat on the train,0.197,CHI,MOT,5.143,TRUE,59,TRUE,FALSE,FALSE,TRUE,TRUE
440,the fence is blowed on the track,oh dear,0.963,CHI,MOT,3.692,TRUE,59,TRUE,FALSE,FALSE,TRUE,TRUE
441,I have seen it,and your the dirty rascal,-1.254,CHI,MOT,1.347,TRUE,59,TRUE,FALSE,TRUE,TRUE,FALSE
442,they have sawed them down,right,0.035,CHI,MOT,1.556,TRUE,59,TRUE,FALSE,FALSE,TRUE,FALSE